{"cameraMode":{"drawMode":0,"name":"Shaded","section":"Shading Mode"},"sceneLighting":true,"audioPlay":false,"sceneViewState":{"showFog":true,"showMaterialUpdate":false,"showSkybox":true,"showFlares":true,"showImageEffects":true,"showParticleSystems":true},"in2DMode":false,"pivot":{"x":-1.1507731676101685,"y":0.6337093710899353,"z":2.225435256958008},"rotation":{"x":-0.08113563805818558,"y":0.04543217644095421,"z":-0.003713756101205945,"w":-0.9956759214401245},"size":3.3831541538238527,"orthographic":false}